{
  "norm_stats": {
    "state": {
      "mean": [
        -0.2276356965303421,
        -0.3216906487941742,
        0.3235618472099304,
        0.7636398673057556
      ],
      "std": [
        0.05834111571311951,
        0.05373375117778778,
        0.017599305137991905,
        0.2005356252193451
      ],
      "q01": [
        -0.34980082715302707,
        -0.4092602785825729,
        0.2814307763457298,
        0.4337206184864044
      ],
      "q99": [
        -0.13496986316889523,
        -0.2407511947751045,
        0.355367602622509,
        0.9711152742803096
      ]
    },
    "actions": {
      "mean": [
        -0.0022249219473451376,
        0.0005567279295064509,
        -0.00008040988905122504,
        0.7806417346000671
      ],
      "std": [
        0.003198739141225815,
        0.005851057358086109,
        0.004188199527561665,
        0.20769523084163666
      ],
      "q01": [
        -0.010892268371582033,
        -0.013718334317207337,
        -0.013800751078128816,
        0.43478262424468994
      ],
      "q99": [
        0.0018963924884796146,
        0.01536330986022949,
        0.013734414637088778,
        0.9998869565248489
      ]
    }
  }
}