{
  "norm_stats": {
    "state": {
      "mean": [
        -0.2276356965303421,
        -0.3216906487941742,
        0.3235618472099304,
        0.38336098194122314,
        0.9235538244247437,
        -0.0005505336448550224,
        -0.007373932283371687,
        0.7636398673057556
      ],
      "std": [
        0.05834111571311951,
        0.05373375117778778,
        0.017599305137991905,
        0.0013647875748574734,
        0.0010066175600513816,
        0.0036702414508908987,
        0.0034511827398091555,
        0.2005356252193451
      ],
      "q01": [
        -0.34980082715302707,
        -0.4092602785825729,
        0.2814307763457298,
        0.38054849512577055,
        0.9219097375869751,
        -0.00955310195684433,
        -0.01568498242343776,
        0.4337206184864044
      ],
      "q99": [
        -0.13496986316889523,
        -0.2407511947751045,
        0.355367602622509,
        0.38710319428443907,
        0.92472904920578,
        0.0069520564470440145,
        -0.0016604055012576294,
        0.9711152742803096
      ]
    },
    "actions": {
      "mean": [
        -0.0022249219473451376,
        0.0005567279295064509,
        -0.00008040988905122504,
        0.0000265241033048369,
        -0.000011551628631423227,
        -0.00006707246939186007,
        -0.00009069803491001949,
        0.7806417346000671
      ],
      "std": [
        0.003198739141225815,
        0.005851057358086109,
        0.004188199527561665,
        0.00011596162948990241,
        0.00004879421976511367,
        0.000584373134188354,
        0.0003056619898416102,
        0.20769523084163666
      ],
      "q01": [
        -0.010892268371582033,
        -0.013718334317207337,
        -0.013800751078128816,
        -0.00024000328779220578,
        -0.0001680947184562683,
        -0.0015697949504945427,
        -0.0008883097399957477,
        0.43478262424468994
      ],
      "q99": [
        0.0018963924884796146,
        0.01536330986022949,
        0.013734414637088778,
        0.00039925761818885804,
        0.00010030124187469477,
        0.0013746898718643933,
        0.0008196413032710553,
        0.9998869565248489
      ]
    }
  }
}