{
  "norm_stats": {
    "state": {
      "mean": [
        -0.2276356965303421,
        -0.3216906487941742,
        0.3235618472099304,
        0.7636398673057556
      ],
      "std": [
        0.05834111571311951,
        0.05373375117778778,
        0.017599305137991905,
        0.2005356252193451
      ],
      "q01": [
        -0.34980082715302707,
        -0.4092602785825729,
        0.2814307763457298,
        0.4337206184864044
      ],
      "q99": [
        -0.13496986316889523,
        -0.2407511947751045,
        0.355367602622509,
        0.9711152742803096
      ]
    },
    "actions": {
      "mean": [
        -0.0022249219473451376,
        0.0005567279295064509,
        -0.00008040988905122504,
        0.7806417346000671
      ],
      "std": [
        0.003198739141225815,
        0.005851057358086109,
        0.004188199527561665,
        0.20769523084163666
      ],
      "q01": [
        -0.010892268371582033,
        -0.013718334317207337,
        -0.013800751078128816,
        0.43478262424468994
      ],
      "q99": [
        0.0018963924884796146,
        0.01536330986022949,
        0.013734414637088778,
        0.9998869565248489
      ]
    },
    "force_torques/left_ft": {
      "mean": [
        -2.4028828144073486,
        -4.614694118499756,
        -16.14092445373535,
        0.11783668398857117,
        0.029376577585935593,
        -0.029124274849891663
      ],
      "std": [
        0.8713077306747437,
        4.341447353363037,
        1.9825440645217896,
        0.12655259668827057,
        0.022025326266884804,
        0.05406036227941513
      ],
      "q01": [
        -3.5775600862503047,
        -14.196419761157037,
        -21.22372741317749,
        0.026365486800670634,
        0.009107378004491337,
        -0.17689115521758797
      ],
      "q99": [
        -0.518439624381065,
        -1.0233320076465624,
        -8.89810408191681,
        0.4537401809155942,
        0.07986817787438633,
        0.014029718653857715
      ]
    },
    "force_torques/right_ft": {
      "mean": [
        -2.784250259399414,
        -1.448143482208252,
        -2.0488011837005615,
        0.17310747504234314,
        0.010717254132032394,
        0.03676173463463783
      ],
      "std": [
        0.31905582547187805,
        3.4713454246520996,
        6.8250555992126465,
        0.18406148254871368,
        0.0144558260217309,
        0.028998680412769318
      ],
      "q01": [
        -3.6299224155664445,
        -12.225314613437652,
        -7.665093758392334,
        0.042606086301803625,
        -0.03546218912899496,
        0.013448630567640063
      ],
      "q99": [
        -2.1731704123735427,
        1.4419676073074328,
        13.784041757965092,
        0.5632124165773393,
        0.049560598802566525,
        0.13123762363940478
      ]
    }
  }
}