{
  "norm_stats": {
    "state": {
      "mean": [
        0.6702104806900024,
        -1.1915408372879028,
        1.0759303569793701,
        -1.4524831771850586,
        -1.582629919052124,
        -0.11616893112659454,
        0.757815957069397
      ],
      "std": [
        0.17287975549697876,
        0.19179604947566986,
        0.2571597099304199,
        0.08438794314861298,
        0.002183660166338086,
        0.174421489238739,
        0.18539197742938995
      ],
      "q01": [
        0.3444981791973114,
        -1.4883823766112327,
        0.5440934619903565,
        -1.619769167792797,
        -1.5908272848129272,
        -0.4449305234327912,
        0.4337206184864044
      ],
      "q99": [
        0.8835722324848175,
        -0.8721270080208778,
        1.514031221485138,
        -1.22106468886137,
        -1.5763979749679566,
        0.10022183003276586,
        0.9335736953556537
      ]
    },
    "actions": {
      "mean": [
        -0.009800187312066555,
        0.00789300911128521,
        -0.00931679829955101,
        0.0012183778453618288,
        -0.0001303565950365737,
        -0.009875291958451271,
        0.7993651628494263
      ],
      "std": [
        0.021946443244814873,
        0.05461661145091057,
        0.08745639771223068,
        0.04269849881529808,
        0.00030074373353272676,
        0.022148264572024345,
        0.20411528646945953
      ],
      "q01": [
        -0.07545069720745087,
        -0.14549444856643676,
        -0.22793562754988672,
        -0.11648132146596908,
        -0.0008313970565795899,
        -0.07600628572106362,
        0.43478262424468994
      ],
      "q99": [
        0.029732273602485676,
        0.15325819492340087,
        0.22480935013294223,
        0.13243361781835555,
        0.0009597578048706054,
        0.03024574252218007,
        0.9998869565248489
      ]
    },
    "force_torques/left_ft": {
      "mean": [
        -3.1683475971221924,
        -5.673801422119141,
        -15.605134963989258,
        0.08832298219203949,
        0.034934770315885544,
        -0.030617602169513702
      ],
      "std": [
        0.8767894506454468,
        4.687192916870117,
        2.794137716293335,
        0.10947871953248978,
        0.026400959119200706,
        0.050407540053129196
      ],
      "q01": [
        -4.188218372130394,
        -18.748020569205284,
        -28.003377708435057,
        -0.01628653926849366,
        0.011831447818875317,
        -0.1513730799794197
      ],
      "q99": [
        -0.7432775945425032,
        -1.2833771824017184,
        -9.071589530181882,
        0.4007489398956299,
        0.09914160765111446,
        0.015517209562659257
      ]
    },
    "force_torques/right_ft": {
      "mean": [
        -2.9557831287384033,
        -2.8831746578216553,
        -7.015034198760986,
        0.21630318462848663,
        0.008054818026721478,
        0.036971528083086014
      ],
      "std": [
        0.4844970405101776,
        4.145094394683838,
        4.990118026733398,
        0.22336268424987793,
        0.021070221439003944,
        0.029100192710757256
      ],
      "q01": [
        -4.462594080209732,
        -20.40561220855713,
        -22.947129190158847,
        0.03641190184354781,
        -0.050625729259848595,
        0.009182148861885064
      ],
      "q99": [
        -1.8283727607727052,
        2.5649207298278824,
        4.619019350433348,
        0.6323530674517155,
        0.059110680472850785,
        0.12912574856281284
      ]
    }
  }
}