{
  "norm_stats": {
    "state": {
      "mean": [
        0.6691784858703613,
        -1.1950223445892334,
        1.053519368171692,
        -1.4379525184631348,
        -1.5824646949768066,
        -0.11477386951446533,
        0.7636398673057556
      ],
      "std": [
        0.1726779341697693,
        0.1821243315935135,
        0.253643661737442,
        0.09015634655952454,
        0.00146484375,
        0.17088425159454346,
        0.2005356252193451
      ],
      "q01": [
        0.34356567492485046,
        -1.5130573868751527,
        0.5863168333053589,
        -1.6080387225151063,
        -1.5889162567138673,
        -0.43790016135424376,
        0.4337206184864044
      ],
      "q99": [
        0.8849469528079033,
        -0.9210613346099854,
        1.5265278326034546,
        -1.2336739612579346,
        -1.577414109325409,
        0.09786770458966498,
        0.9711152742803096
      ]
    },
    "actions": {
      "mean": [
        -0.0047071548178792,
        0.004482485819607973,
        -0.005308202002197504,
        0.0005536302924156189,
        -0.000049590897106099874,
        -0.004650868009775877,
        0.7806417346000671
      ],
      "std": [
        0.011224986054003239,
        0.02698386274278164,
        0.0451226606965065,
        0.023390676826238632,
        0.0001961924135684967,
        0.01109825074672699,
        0.20769523084163666
      ],
      "q01": [
        -0.0364247635602951,
        -0.0675294249534607,
        -0.1102743070423603,
        -0.06734220695495605,
        -0.0005535041332244872,
        -0.03596496460288763,
        0.43478262424468994
      ],
      "q99": [
        0.017418342018127447,
        0.0730568374633789,
        0.10573315992951393,
        0.0681397304534912,
        0.0005493466854095456,
        0.0172758004873991,
        0.9998869565248489
      ]
    }
  }
}